criterion,n_days,worst_case_max,worst_case_p95,worst_case_mean,worst_case_total,max_regret_max,max_regret_p95,max_regret_mean,total_cost_baseline,total_cost_mild_drought,total_cost_severe_drought,total_cost_flashy,total_cost_no_rain,total_fn_baseline,total_fn_mild_drought,total_fn_severe_drought,total_fn_flashy,total_fn_no_rain
naive,540,800.0,500.0,73.33333333333333,39600.0,300.0,100.0,17.97962962962963,29886.0,29913.0,29939.0,39552.0,29968.0,296.0,296.0,296.0,393.0,296.0
maximin,540,800.0,500.0,55.51111111111111,29976.0,99.0,2.0,0.42407407407407405,29906.0,29932.0,29949.0,29872.0,29976.0,296.0,296.0,296.0,296.0,296.0
maximax,540,900.0,500.0,103.96296296296296,56140.0,900.0,300.0,48.6037037037037,52809.0,48327.0,42461.0,55888.0,29790.0,526.0,481.0,422.0,557.0,295.0
savage,540,800.0,500.0,55.512962962962966,29977.0,9.0,2.0,0.24444444444444444,29908.0,29934.0,29851.0,29874.0,29877.0,296.0,296.0,295.0,296.0,295.0
