dataset,M_latent,mode,n_obs,delta_dagger,fn,fp,cost,fn_zero_feasible
synth-N16,3,dense,10660,9.400000000000002,0,2684,2684.0,True
synth-N16,3,acyclic,10660,17.650000000000002,0,4200,4200.0,True
synth-N16,6,dense,10660,8.3,0,2520,2520.0,True
synth-N16,6,acyclic,10660,18.200000000000003,0,4230,4230.0,True
synth-N64,3,dense,10660,17.0,0,3561,3561.0,True
synth-N64,3,acyclic,10660,19.291666666666664,0,4088,4088.0,True
synth-N64,6,dense,10660,14.708333333333332,0,3194,3194.0,True
synth-N64,6,acyclic,10660,14.708333333333332,0,3429,3429.0,True
