basin,n_issue_days,n_pairs,nse,kge,pearson_r,delta_dagger,fn,fp,cost,fn_zero_feasible
ebro,1226,12150,0.24712150748549444,0.6234487537713012,0.6234748630725544,117.0,14,5264,6664.0,False
synth-N16,1066,10660,0.44069165877560934,0.7227621587457053,0.7229500341980191,48.0,0,5482,5482.0,True
synth-N64,1066,10660,-0.4220687837327006,0.290594701303026,0.2905990227018731,96.0,6,5716,6316.0,False
