c_fn_over_c_fp,delta_star_mean_naive,fn_naive,fp_naive,cost_naive,delta_star_mean_maximin,fn_maximin,fp_maximin,cost_maximin,delta_star_mean_maximax,fn_maximax,fp_maximax,cost_maximax,delta_star_mean_savage,fn_savage,fp_savage,cost_savage
10.0,-21.985887096774192,740,5206,5301.0,-21.27704563335956,88,5690,1621.0,-22.89019472856019,2495,4190,10401.0,-20.917830448465775,48,5710,1628.0
50.0,-21.985887096774192,740,5206,22061.0,-21.27704563335956,88,5690,2381.0,-22.89019472856019,2495,4190,48401.0,-20.915617623918173,46,5722,2381.0
100.0,-21.985887096774192,740,5206,43011.0,-21.27704563335956,88,5690,3331.0,-22.89019472856019,2495,4190,95901.0,-20.915617623918173,46,5722,3331.0
200.0,-21.985887096774192,740,5206,84911.0,-21.27704563335956,88,5690,5231.0,-22.89019472856019,2495,4190,190901.0,-20.915617623918173,46,5722,5231.0
500.0,-21.985887096774192,740,5206,210611.0,-21.27704563335956,88,5690,10931.0,-22.89019472856019,2495,4190,475901.0,-20.915617623918173,46,5722,10931.0
